player_name,card_set,card_number,team,front_image_url
Shohei Ohtani,Topps 2025,1,Los Angeles Dodgers,https://www.tcdb.com/Images/Large/Baseball/482758/482758-27980431Fr.jpg
"Shohei OhtaniSP, VAR",Topps 2025,1,Los Angeles Dodgers,https://www.tcdb.com/Images/Large/Baseball/482758/482758-28245372Fr.jpg
"Shohei OhtaniSP, VAR",Topps 2025,1,Los Angeles Dodgers,https://www.tcdb.com/Images/Large/Baseball/482758/482758-28477551Fr.jpg
Thairo Estrada,Topps 2025,2,San Francisco Giants,https://www.tcdb.com/Images/Large/Baseball/482758/482758-27980432Fr.jpg
Lane Thomas,Topps 2025,3,Cleveland Guardians,https://www.tcdb.com/Images/Large/Baseball/482758/482758-27980433Fr.jpg
Christian Encarnacion,Topps 2025,4,Strand,https://www.tcdb.com/Images/Large/Baseball/482758/482758-27980434Fr.jpg
American League Leaders ERA (Tarik Skubal / Ronel Blanco / Framber Valdez)LL,Topps 2025,5,Detroit Tigers / Houston Astros,https://www.tcdb.com/Images/Large/Baseball/482758/482758-27980435Fr.jpg
Tyler GentryRC,Topps 2025,6,Kansas City Royals,https://www.tcdb.com/Images/Large/Baseball/482758/482758-27980436Fr.jpg
Alec Bohm,Topps 2025,7,Philadelphia Phillies,https://www.tcdb.com/Images/Large/Baseball/482758/482758-27980437Fr.jpg
Seth Brown,Topps 2025,8,Athletics,https://www.tcdb.com/Images/Large/Baseball/482758/482758-27980438Fr.jpg
Luis García Jr.,Topps 2025,9,Washington Nationals,https://www.tcdb.com/Images/Large/Baseball/482758/482758-27980439Fr.jpg,
Connor Wong,Topps 2025,10,Boston Red Sox,https://www.tcdb.com/Images/Large/Baseball/482758/482758-27980440Fr.jpg,
Triston Casas,Topps 2025,11,Boston Red Sox,https://www.tcdb.com/Images/Large/Baseball/482758/482758-27980441Fr.jpg,
Bailey Ober,Topps 2025,12,Minnesota Twins,https://www.tcdb.com/Images/Large/Baseball/482758/482758-27980442Fr.jpg,
Luis De Los Santos RC,Topps 2025,13,Toronto Blue Jays,https://www.tcdb.com/Images/Large/Baseball/482758/482758-27980443Fr.jpg,
Anthony Rizzo,Topps 2025,14,New York Yankees,https://www.tcdb.com/Images/Large/Baseball/482758/482758-27980444Fr.jpg,
Mitch Haniger,Topps 2025,15,Seattle Mariners,https://www.tcdb.com/Images/Large/Baseball/482758/482758-27980445Fr.jpg,
Carlos Rodriguez RC,Topps 2025,16,Milwaukee Brewers,https://www.tcdb.com/Images/Large/Baseball/482758/482758-27980446Fr.jpg,
Jack Kochanowicz RC,Topps 2025,17,Los Angeles Angels,https://www.tcdb.com/Images/Large/Baseball/482758/482758-27980447Fr.jpg,
Orelvis Martinez RC,Topps 2025,18,Toronto Blue Jays,https://www.tcdb.com/Images/Large/Baseball/482758/482758-27980448Fr.jpg,
Xander Bogaerts,Topps 2025,19,San Diego Padres,https://www.tcdb.com/Images/Large/Baseball/482758/482758-27980449Fr.jpg
"Coby Mayo
RC",Topps 2025,20,Baltimore Orioles,https://www.tcdb.com/Images/Large/Baseball/482758/482758-27980450Fr.jpg
"Coby Mayo
SP, VAR",Topps 2025,20,Baltimore Orioles,https://www.tcdb.com/Images/Large/Baseball/482758/482758-28477552Fr.jpg
Nick Lodolo,Topps 2025,21,Cincinnati Reds,https://www.tcdb.com/Images/Large/Baseball/482758/482758-27980451Fr.jpg
"Masyn Winn
ASR",Topps 2025,22,St. Louis Cardinals,https://www.tcdb.com/Images/Large/Baseball/482758/482758-27980452Fr.jpg
Jorge Soler,Topps 2025,23,Atlanta Braves,https://www.tcdb.com/Images/Large/Baseball/482758/482758-27980453Fr.jpg
"Jhonkensy Noel
RC",Topps 2025,24,Cleveland Guardians,https://www.tcdb.com/Images/Large/Baseball/482758/482758-27980454Fr.jpg
"Cade Povich
RC",Topps 2025,25,Baltimore Orioles,https://www.tcdb.com/Images/Large/Baseball/482758/482758-27980455Fr.jpg
"Incoming! Slam-Dunk Talent 
CL",Topps 2025,26,Cleveland Guardians,https://www.tcdb.com/Images/Large/Baseball/482758/482758-27980456Fr.jpg
"Angel Martinez
RC",Topps 2025,27,Cleveland Guardians,https://www.tcdb.com/Images/Large/Baseball/482758/482758-27980457Fr.jpg
"Trevor Megill
RC",Topps 2025,28,Milwaukee Brewers,https://www.tcdb.com/Images/Large/Baseball/482758/482758-27980458Fr.jpg
"American League Leaders RBI (Aaron Judge / Jose Ramirez / Brent Rooker) 
LL",Topps 2025,29,New York Yankees / Cleveland Guardians / Athletics,https://www.tcdb.com/Images/Large/Baseball/482758/482758-27980459Fr.jpg
"Pedro León
RC",Topps 2025,30,Houston Astros,https://www.tcdb.com/Images/Large/Baseball/482758/482758-27980460Fr.jpg
Tyler Stephenson,Topps 2025,31,Cincinnati Reds,https://www.tcdb.com/Images/Large/Baseball/482758/482758-27980461Fr.jpg
"Chayce McDermott
RC",Topps 2025,32,Baltimore Orioles,https://www.tcdb.com/Images/Large/Baseball/482758/482758-27980462Fr.jpg
José Berríos,Topps 2025,33,Toronto Blue Jays,https://www.tcdb.com/Images/Large/Baseball/482758/482758-27980463Fr.jpg
"Detroit Tigers 
TC",Topps 2025,34,Detroit Tigers,https://www.tcdb.com/Images/Large/Baseball/482758/482758-27980464Fr.jpg
Anthony Volpe,Topps 2025,35,New York Yankees,https://www.tcdb.com/Images/Large/Baseball/482758/482758-27980465Fr.jpg
"Greg Jones
RC",Topps 2025,36,Colorado Rockies,https://www.tcdb.com/Images/Large/Baseball/482758/482758-27980466Fr.jpg
Spencer Steer,Topps 2025,37,Cincinnati Reds,https://www.tcdb.com/Images/Large/Baseball/482758/482758-27980467Fr.jpg
Nico Hoerner,Topps 2025,38,Chicago Cubs,https://www.tcdb.com/Images/Large/Baseball/482758/482758-27980468Fr.jpg
"San Diego Padres 
TC",Topps 2025,39,San Diego Padres,https://www.tcdb.com/Images/Large/Baseball/482758/482758-27980469Fr.jpg
Joe Ryan,Topps 2025,40,Minnesota Twins,https://www.tcdb.com/Images/Large/Baseball/482758/482758-27980470Fr.jpg
Alec Burleson,Topps 2025,41,St. Louis Cardinals,https://www.tcdb.com/Images/Large/Baseball/482758/482758-27980471Fr.jpg
Andrew McCutchen,Topps 2025,42,Pittsburgh Pirates,https://www.tcdb.com/Images/Large/Baseball/482758/482758-27980472RepFr.jpg
Brady Singer,Topps 2025,43,Kansas City Royals,https://www.tcdb.com/Images/Large/Baseball/482758/482758-27980473RepFr.jpg
Brenton Doyle,Topps 2025,44,Colorado Rockies,https://www.tcdb.com/Images/Large/Baseball/482758/482758-27980474Fr.jpg
Brice Turang,Topps 2025,45,Milwaukee Brewers,https://www.tcdb.com/Images/Large/Baseball/482758/482758-27980475Fr.jpg
Tanner Houck,Topps 2025,46,Boston Red Sox,https://www.tcdb.com/Images/Large/Baseball/482758/482758-27980476Fr.jpg
Blake Perkins,Topps 2025,47,Milwaukee Brewers,https://www.tcdb.com/Images/Large/Baseball/482758/482758-27980477Fr.jpg
Michael Toglia,Topps 2025,48,Colorado Rockies,https://www.tcdb.com/Images/Large/Baseball/482758/482758-27980478Fr.jpg
Christian Yelich,Topps 2025,49,Milwaukee Brewers,https://www.tcdb.com/Images/Large/Baseball/482758/482758-27980479Fr.jpg
Leody Taveras,Topps 2025,50,Texas Rangers,https://www.tcdb.com/Images/Large/Baseball/482758/482758-27980480Fr.jpg
Jonah Heim,Topps 2025,51,Texas Rangers,https://www.tcdb.com/Images/Large/Baseball/482758/482758-27980481Fr.jpg
Will Benson,Topps 2025,52,Cincinnati Reds,https://www.tcdb.com/Images/Large/Baseball/482758/482758-27980482Fr.jpg
Chris Taylor,Topps 2025,53,Los Angeles Dodgers,https://www.tcdb.com/Images/Large/Baseball/482758/482758-27980483Fr.jpg
"Chris Taylor
SP, VAR",Topps 2025,53,Los Angeles Dodgers,https://www.tcdb.com/Images/Large/Baseball/482758/482758-28245373Fr.jpg
Austin Riley,Topps 2025,54,Atlanta Braves,https://www.tcdb.com/Images/Large/Baseball/482758/482758-27980484Fr.jpg
Jake Rogers,Topps 2025,55,Detroit Tigers,https://www.tcdb.com/Images/Large/Baseball/482758/482758-27980485Fr.jpg
Ranger Suárez,Topps 2025,56,Philadelphia Phillies,https://www.tcdb.com/Images/Large/Baseball/482758/482758-27980486Fr.jpg
Nick Gordon,Topps 2025,57,Miami Marlins,https://www.tcdb.com/Images/Large/Baseball/482758/482758-27980487Fr.jpg
Dylan Cease,Topps 2025,58,San Diego Padres,https://www.tcdb.com/Images/Large/Baseball/482758/482758-27980488Fr.jpg
Royce Lewis,Topps 2025,59,Minnesota Twins,https://www.tcdb.com/Images/Large/Baseball/482758/482758-27980489Fr.jpg
"Chicago Cubs 
TC",Topps 2025,60,Chicago Cubs,https://www.tcdb.com/Images/Large/Baseball/482758/482758-27980490Fr.jpg
Freddy Peralta,Topps 2025,61,Milwaukee Brewers,https://www.tcdb.com/Images/Large/Baseball/482758/482758-27980491Fr.jpg
Jon Gray,Topps 2025,62,Texas Rangers,https://www.tcdb.com/Images/Large/Baseball/482758/482758-27980492Fr.jpg
"Jake Bloss
RC",Topps 2025,63,Toronto Blue Jays,https://www.tcdb.com/Images/Large/Baseball/482758/482758-27980493Fr.jpg
Ian Happ,Topps 2025,64,Chicago Cubs,https://www.tcdb.com/Images/Large/Baseball/482758/482758-27980494Fr.jpg
Gunnar Henderson,Topps 2025,65,Baltimore Orioles,https://www.tcdb.com/Images/Large/Baseball/482758/482758-27980495Fr.jpg
"Gunnar Henderson
SP, VAR",Topps 2025,65,Baltimore Orioles,https://www.tcdb.com/Images/Large/Baseball/482758/482758-28477553Fr.jpg
Logan Gilbert,Topps 2025,66,Seattle Mariners,https://www.tcdb.com/Images/Large/Baseball/482758/482758-27980496Fr.jpg
"Trey Sweeney
RC",Topps 2025,67,Detroit Tigers,https://www.tcdb.com/Images/Large/Baseball/482758/482758-27980497Fr.jpg
"Hunter Feduccia
RC",Topps 2025,68,Los Angeles Dodgers,https://www.tcdb.com/Images/Large/Baseball/482758/482758-27980498Fr.jpg
Cedric Mullins,Topps 2025,69,Baltimore Orioles,https://www.tcdb.com/Images/Large/Baseball/482758/482758-27980499Fr.jpg
Patrick Bailey,Topps 2025,70,San Francisco Giants,https://www.tcdb.com/Images/Large/Baseball/482758/482758-27980500Fr.jpg
Tarik Skubal,Topps 2025,71,Detroit Tigers,https://www.tcdb.com/Images/Large/Baseball/482758/482758-27980501Fr.jpg
"Tyler Soderstrom
FS",Topps 2025,72,Athletics,https://www.tcdb.com/Images/Large/Baseball/482758/482758-27980502Fr.jpg
Luis Castillo,Topps 2025,73,Seattle Mariners,https://www.tcdb.com/Images/Large/Baseball/482758/482758-27980503Fr.jpg
"Dylan Crews
RC",Topps 2025,74,Washington Nationals,https://www.tcdb.com/Images/Large/Baseball/482758/482758-27980504Fr.jpg
"Dylan Crews
SP, VAR",Topps 2025,74,Washington Nationals,https://www.tcdb.com/Images/Large/Baseball/482758/482758-28477554Fr.jpg
Colin Rea,Topps 2025,75,Milwaukee Brewers,https://www.tcdb.com/Images/Large/Baseball/482758/482758-27980505Fr.jpg
"Houston Astros 
TC",Topps 2025,76,Houston Astros,https://www.tcdb.com/Images/Large/Baseball/482758/482758-27980506Fr.jpg
José Ramírez,Topps 2025,77,Cleveland Guardians,https://www.tcdb.com/Images/Large/Baseball/482758/482758-27980507RepFr.jpg
Corbin Carroll,Topps 2025,78,Arizona Diamondbacks,https://www.tcdb.com/Images/Large/Baseball/482758/482758-27980508Fr.jpg
"American League Leaders HR (Aaron Judge / Anthony Santander / Juan Soto) 
LL",Topps 2025,79,New York Yankees / Baltimore Orioles,https://www.tcdb.com/Images/Large/Baseball/482758/482758-27980509Fr.jpg
"Jace Jung
RC",Topps 2025,80,Detroit Tigers,https://www.tcdb.com/Images/Large/Baseball/482758/482758-27980510Fr.jpg
"Say Cheese! Picture-Perfect Play 
CL",Topps 2025,81,Minnesota Twins,https://www.tcdb.com/Images/Large/Baseball/482758/482758-27980511Fr.jpg
George Springer,Topps 2025,82,Toronto Blue Jays,https://www.tcdb.com/Images/Large/Baseball/482758/482758-27980512Fr.jpg
Anthony Rendon,Topps 2025,83,Los Angeles Angels,https://www.tcdb.com/Images/Large/Baseball/482758/482758-27980513Fr.jpg
"Kameron Misner
RC",Topps 2025,84,Tampa Bay Rays,https://www.tcdb.com/Images/Large/Baseball/482758/482758-27980514Fr.jpg
"National League Leaders RBI (Shohei Ohtani / Willy Adames / Manny Machado) 
LL",Topps 2025,86,Los Angeles Dodgers / Milwaukee Brewers / San Diego Padres,https://www.tcdb.com/Images/Large/Baseball/482758/482758-27980516Fr.jpg
"National League Leaders RBI (Shohei Ohtani / Willy Adames / Manny Machado) 
LL",Topps 2025,86,Los Angeles Dodgers / Milwaukee Brewers / San Diego Padres,https://www.tcdb.com/Images/Large/Baseball/482758/482758-27980516Fr.jpg
"National League Leaders RBI (Shohei Ohtani / Willy Adames / Manny Machado) 
LL",Topps 2025,86,Los Angeles Dodgers / Milwaukee Brewers / San Diego Padres,https://www.tcdb.com/Images/Large/Baseball/482758/482758-27980516Fr.jpg
"National League Leaders RBI (Shohei Ohtani / Willy Adames / Manny Machado) 
LL",Topps 2025,86,Los Angeles Dodgers / Milwaukee Brewers / San Diego Padres,https://www.tcdb.com/Images/Large/Baseball/482758/482758-27980516Fr.jpg
"Shay Whitcomb
RC",Topps 2025,87,Houston Astros,https://www.tcdb.com/Images/Large/Baseball/482758/482758-27980517Fr.jpg
Kevin Gausman,Topps 2025,88,Toronto Blue Jays,https://www.tcdb.com/Images/Large/Baseball/482758/482758-27980518Fr.jpg
"Zach Dezenzo
RC",Topps 2025,89,Houston Astros,https://www.tcdb.com/Images/Large/Baseball/482758/482758-27980519Fr.jpg
Eloy Jiménez,Topps 2025,90,Baltimore Orioles,https://www.tcdb.com/Images/Large/Baseball/482758/482758-27980520Fr.jpg
Kenta Maeda,Topps 2025,91,Detroit Tigers,https://www.tcdb.com/Images/Large/Baseball/482758/482758-27980521Fr.jpg
Danny Jansen,Topps 2025,92,Boston Red Sox,https://www.tcdb.com/Images/Large/Baseball/482758/482758-27980522Fr.jpg
Rhys Hoskins,Topps 2025,93,Milwaukee Brewers,https://www.tcdb.com/Images/Large/Baseball/482758/482758-27980523Fr.jpg
"Nick Sogard
RC",Topps 2025,94,Boston Red Sox,https://www.tcdb.com/Images/Large/Baseball/482758/482758-27980524Fr.jpg
Gavin Sheets,Topps 2025,95,Chicago White Sox,https://www.tcdb.com/Images/Large/Baseball/482758/482758-27980525Fr.jpg
"Seattle Mariners 
TC",Topps 2025,96,Seattle Mariners,https://www.tcdb.com/Images/Large/Baseball/482758/482758-27980526Fr.jpg
"Will Warren
RC",Topps 2025,97,New York Yankees,https://www.tcdb.com/Images/Large/Baseball/482758/482758-27980527Fr.jpg
"Paul Skenes
ASR",Topps 2025,98,Pittsburgh Pirates,https://www.tcdb.com/Images/Large/Baseball/482758/482758-27980528Fr.jpg
"Paul Skenes
SP, VAR",Topps 2025,98,Pittsburgh Pirates,https://www.tcdb.com/Images/Large/Baseball/482758/482758-28477555Fr.jpg
"Cincinnati Reds 
TC",Topps 2025,99,Cincinnati Reds,https://www.tcdb.com/Images/Large/Baseball/482758/482758-27980529Fr.jpg
Bobby Witt Jr.,Topps 2025,100,Kansas City Royals,https://www.tcdb.com/Images/Large/Baseball/482758/482758-27980530Fr.jpg
"Bobby Witt Jr.
SP, VAR",Topps 2025,100,Kansas City Royals,https://www.tcdb.com/Images/Large/Baseball/482758/482758-28477556RepFr.jpg
Nolan Arenado,Topps 2025,101,St. Louis Cardinals,https://www.tcdb.com/Images/Large/Baseball/482758/482758-27980531Fr.jpg
"Nolan Arenado
SP, VAR",Topps 2025,101,St. Louis Cardinals,https://www.tcdb.com/Images/Large/Baseball/482758/482758-28477557Fr.jpg
Jonathan India,Topps 2025,102,Cincinnati Reds,https://www.tcdb.com/Images/Large/Baseball/482758/482758-27980532Fr.jpg
"Spencer Schwellenbach
RC",Topps 2025,103,Atlanta Braves,https://www.tcdb.com/Images/Large/Baseball/482758/482758-27980533Fr.jpg
"Yilber Diaz
RC",Topps 2025,104,Arizona Diamondbacks,https://www.tcdb.com/Images/Large/Baseball/482758/482758-27980534Fr.jpg
Dylan Moore,Topps 2025,105,Seattle Mariners,https://www.tcdb.com/Images/Large/Baseball/482758/482758-27980535RepFr.jpg
Lawrence Butler,Topps 2025,106,Athletics,https://www.tcdb.com/Images/Large/Baseball/482758/482758-27980536Fr.jpg
Ryan Mountcastle,Topps 2025,107,Baltimore Orioles,https://www.tcdb.com/Images/Large/Baseball/482758/482758-27980537Fr.jpg
Mitch Keller,Topps 2025,108,Pittsburgh Pirates,https://www.tcdb.com/Images/Large/Baseball/482758/482758-27980538Fr.jpg
Cristopher Sánchez,Topps 2025,109,Philadelphia Phillies,https://www.tcdb.com/Images/Large/Baseball/482758/482758-27980539Fr.jpg
"Atlanta Braves 
TC",Topps 2025,110,Atlanta Braves,https://www.tcdb.com/Images/Large/Baseball/482758/482758-27980540Fr.jpg
Randy Arozarena,Topps 2025,111,Seattle Mariners,https://www.tcdb.com/Images/Large/Baseball/482758/482758-27980541Fr.jpg
Rob Refsnyder,Topps 2025,112,Boston Red Sox,https://www.tcdb.com/Images/Large/Baseball/482758/482758-27980542Fr.jpg
Marco Gonzales,Topps 2025,113,Pittsburgh Pirates,https://www.tcdb.com/Images/Large/Baseball/482758/482758-27980543Fr.jpg
Ryan O’Hearn,Topps 2025,114,Baltimore Orioles,https://www.tcdb.com/Images/Large/Baseball/482758/482758-27980544Fr.jpg
"Carlos Narvaez
RC",Topps 2025,115,New York Yankees,https://www.tcdb.com/Images/Large/Baseball/482758/482758-27980545Fr.jpg
Amed Rosario,Topps 2025,116,Cincinnati Reds,https://www.tcdb.com/Images/Large/Baseball/482758/482758-27980546Fr.jpg
Josh Jung,Topps 2025,117,Texas Rangers,https://www.tcdb.com/Images/Large/Baseball/482758/482758-27980547Fr.jpg
Justin Verlander,Topps 2025,118,Houston Astros,https://www.tcdb.com/Images/Large/Baseball/482758/482758-27980548Fr.jpg
Daulton Varsho,Topps 2025,119,Toronto Blue Jays,https://www.tcdb.com/Images/Large/Baseball/482758/482758-27980549Fr.jpg
"Cristian Mena
RC",Topps 2025,120,Arizona Diamondbacks,https://www.tcdb.com/Images/Large/Baseball/482758/482758-27980550Fr.jpg
Andrew Vaughn,Topps 2025,121,Chicago White Sox,https://www.tcdb.com/Images/Large/Baseball/482758/482758-27980551Fr.jpg
CJ Abrams,Topps 2025,122,Washington Nationals,https://www.tcdb.com/Images/Large/Baseball/482758/482758-27980552Fr.jpg
"New York Yankees 
TC",Topps 2025,123,New York Yankees,https://www.tcdb.com/Images/Large/Baseball/482758/482758-27980553Fr.jpg
Richie Palacios,Topps 2025,124,Tampa Bay Rays,https://www.tcdb.com/Images/Large/Baseball/482758/482758-27980554Fr.jpg
"Jackson Merrill
ASR",Topps 2025,125,San Diego Padres,https://www.tcdb.com/Images/Large/Baseball/482758/482758-27980555Fr.jpg
"Dillon Dingler
RC",Topps 2025,126,Detroit Tigers,https://www.tcdb.com/Images/Large/Baseball/482758/482758-27980556Fr.jpg
Joc Pederson,Topps 2025,127,Arizona Diamondbacks,https://www.tcdb.com/Images/Large/Baseball/482758/482758-27980557Fr.jpg
Ketel Marte,Topps 2025,128,Arizona Diamondbacks,https://www.tcdb.com/Images/Large/Baseball/482758/482758-27980558Fr.jpg
Brent Rooker,Topps 2025,129,Athletics,https://www.tcdb.com/Images/Large/Baseball/482758/482758-27980559Fr.jpg
Nathan Eovaldi,Topps 2025,130,Texas Rangers,https://www.tcdb.com/Images/Large/Baseball/482758/482758-27980560Fr.jpg
David Peterson,Topps 2025,131,New York Mets,https://www.tcdb.com/Images/Large/Baseball/482758/482758-27980561RepFr.jpg
"Connor Norby
RC",Topps 2025,132,Miami Marlins,https://www.tcdb.com/Images/Large/Baseball/482758/482758-27980562Fr.jpg
José Caballero,Topps 2025,133,Tampa Bay Rays,https://www.tcdb.com/Images/Large/Baseball/482758/482758-27980563Fr.jpg
Jameson Taillon,Topps 2025,134,Chicago Cubs,https://www.tcdb.com/Images/Large/Baseball/482758/482758-27980564Fr.jpg
Maikel Garcia,Topps 2025,135,Kansas City Royals,https://www.tcdb.com/Images/Large/Baseball/482758/482758-27980565Fr.jpg
Lourdes Gurriel Jr.,Topps 2025,136,Arizona Diamondbacks,https://www.tcdb.com/Images/Large/Baseball/482758/482758-27980566Fr.jpg
Miles Mikolas,Topps 2025,137,St. Louis Cardinals,https://www.tcdb.com/Images/Large/Baseball/482758/482758-27980567Fr.jpg
Isaac Paredes,Topps 2025,138,Chicago Cubs,https://www.tcdb.com/Images/Large/Baseball/482758/482758-27980568Fr.jpg
Jordan Beck,Topps 2025,139,Colorado Rockies,https://www.tcdb.com/Images/Large/Baseball/482758/482758-27980569Fr.jpg
Andrew Abbott,Topps 2025,140,Cincinnati Reds,https://www.tcdb.com/Images/Large/Baseball/482758/482758-27980570Fr.jpg
Kyle Schwarber,Topps 2025,141,Philadelphia Phillies,https://www.tcdb.com/Images/Large/Baseball/482758/482758-27980571Fr.jpg
"Jordan Westburg
FS",Topps 2025,142,Baltimore Orioles,https://www.tcdb.com/Images/Large/Baseball/482758/482758-27980572Fr.jpg
"All Smiles: Perfect Weather in S.D. 
CL",Topps 2025,143,San Diego Padres,https://www.tcdb.com/Images/Large/Baseball/482758/482758-27980573Fr.jpg
"National League Leaders HR (Shohei Ohtani / Marcell Ozuna / Kyle Schwarber) 
LL",Topps 2025,144,Los Angeles Dodgers / Atlanta Braves / Philadelphia Phillies,https://www.tcdb.com/Images/Large/Baseball/482758/482758-27980574Fr.jpg
Matt Olson,Topps 2025,145,Atlanta Braves,https://www.tcdb.com/Images/Large/Baseball/482758/482758-27980575Fr.jpg
Clayton Kershaw,Topps 2025,146,Los Angeles Dodgers,https://www.tcdb.com/Images/Large/Baseball/482758/482758-27980576Fr.jpg
"Mookie Betts
SP, VAR",Topps 2025,146,Los Angeles Dodgers,https://www.tcdb.com/Images/Large/Baseball/482758/482758-28245374Fr.jpg
Bryson Stott,Topps 2025,147,Philadelphia Phillies,https://www.tcdb.com/Images/Large/Baseball/482758/482758-27980577Fr.jpg
"Ceddanne Rafaela
FS",Topps 2025,148,Boston Red Sox,https://www.tcdb.com/Images/Large/Baseball/482758/482758-27980578Fr.jpg
Jeff McNeil,Topps 2025,149,New York Mets,https://www.tcdb.com/Images/Large/Baseball/482758/482758-27980579Fr.jpg
"Elly De La Cruz
FS",Topps 2025,150,Cincinnati Reds,https://www.tcdb.com/Images/Large/Baseball/482758/482758-27980580Fr.jpg
"Elly De La Cruz
SP, VAR",Topps 2025,150,Cincinnati Reds,https://www.tcdb.com/Images/Large/Baseball/482758/482758-28477558Fr.jpg
"American League Leaders Wins (Tarik Skubal / José Berríos / Seth Lugo) 
LL",Topps 2025,151,Detroit Tigers / Toronto Blue Jays / Kansas City Royals,https://www.tcdb.com/Images/Large/Baseball/482758/482758-27980581Fr.jpg
Luis Rengifo,Topps 2025,152,Los Angeles Angels,https://www.tcdb.com/Images/Large/Baseball/482758/482758-27980582Fr.jpg
Brandon Lowe,Topps 2025,153,Tampa Bay Rays,https://www.tcdb.com/Images/Large/Baseball/482758/482758-27980583Fr.jpg
Orlando Arcia,Topps 2025,154,Atlanta Braves,https://www.tcdb.com/Images/Large/Baseball/482758/482758-27980584Fr.jpg
Willi Castro,Topps 2025,155,Minnesota Twins,https://www.tcdb.com/Images/Large/Baseball/482758/482758-27980585Fr.jpg
Marco Luciano,Topps 2025,156,San Francisco Giants,https://www.tcdb.com/Images/Large/Baseball/482758/482758-27980586Fr.jpg
Jesús Sánchez,Topps 2025,157,Miami Marlins,https://www.tcdb.com/Images/Large/Baseball/482758/482758-27980587Fr.jpg
Shea Langeliers,Topps 2025,158,Athletics,https://www.tcdb.com/Images/Large/Baseball/482758/482758-27980588Fr.jpg
"Philadelphia Phillies 
TC",Topps 2025,159,Philadelphia Phillies,https://www.tcdb.com/Images/Large/Baseball/482758/482758-27980589Fr.jpg
Marcell Ozuna,Topps 2025,160,Atlanta Braves,https://www.tcdb.com/Images/Large/Baseball/482758/482758-27980590Fr.jpg
"Bradley Blalock
RC",Topps 2025,161,Colorado Rockies,https://www.tcdb.com/Images/Large/Baseball/482758/482758-27980591Fr.jpg
Tanner Scott,Topps 2025,162,San Diego Padres,https://www.tcdb.com/Images/Large/Baseball/482758/482758-27980592Fr.jpg
Vladimir Guerrero Jr.,Topps 2025,163,Toronto Blue Jays,https://www.tcdb.com/Images/Large/Baseball/482758/482758-27980593Fr.jpg
Tanner Bibee,Topps 2025,164,Cleveland Guardians,https://www.tcdb.com/Images/Large/Baseball/482758/482758-27980594Fr.jpg
"Joey Ortiz
ASR",Topps 2025,165,Milwaukee Brewers,https://www.tcdb.com/Images/Large/Baseball/482758/482758-27980595Fr.jpg
Matt Vierling,Topps 2025,166,Detroit Tigers,https://www.tcdb.com/Images/Large/Baseball/482758/482758-27980596Fr.jpg
"Andres Chaparro
RC",Topps 2025,167,Washington Nationals,https://www.tcdb.com/Images/Large/Baseball/482758/482758-27980597Fr.jpg
Connor Joe,Topps 2025,168,Pittsburgh Pirates,https://www.tcdb.com/Images/Large/Baseball/482758/482758-27980598Fr.jpg
Cole Ragans,Topps 2025,169,Kansas City Royals,https://www.tcdb.com/Images/Large/Baseball/482758/482758-27980599Fr.jpg
"Baltimore Orioles 
TC",Topps 2025,170,Baltimore Orioles,https://www.tcdb.com/Images/Large/Baseball/482758/482758-27980600Fr.jpg
Francisco Alvarez,Topps 2025,171,New York Mets,https://www.tcdb.com/Images/Large/Baseball/482758/482758-27980601Fr.jpg
Otto Lopez,Topps 2025,172,Miami Marlins,https://www.tcdb.com/Images/Large/Baseball/482758/482758-27980602Fr.jpg
Starling Marte,Topps 2025,173,New York Mets,https://www.tcdb.com/Images/Large/Baseball/482758/482758-27980603Fr.jpg
Mark Vientos,Topps 2025,174,New York Mets,https://www.tcdb.com/Images/Large/Baseball/482758/482758-27980604Fr.jpg
Ha-Seong Kim,Topps 2025,175,San Diego Padres,https://www.tcdb.com/Images/Large/Baseball/482758/482758-27980605Fr.jpg
Teoscar Hernández,Topps 2025,176,Los Angeles Dodgers,https://www.tcdb.com/Images/Large/Baseball/482758/482758-27980606Fr.jpg
"Teoscar Hernández
SP, VAR",Topps 2025,176,Los Angeles Dodgers,https://www.tcdb.com/Images/Large/Baseball/482758/482758-28245375Fr.jpg
"Kyle Harrison
FS",Topps 2025,177,San Francisco Giants,https://www.tcdb.com/Images/Large/Baseball/482758/482758-27980607Fr.jpg
"David Festa
RC",Topps 2025,178,Minnesota Twins,https://www.tcdb.com/Images/Large/Baseball/482758/482758-27980608Fr.jpg
Ryan Pepiot,Topps 2025,179,Tampa Bay Rays,https://www.tcdb.com/Images/Large/Baseball/482758/482758-27980609Fr.jpg
"Colt Keith
ASR",Topps 2025,180,Detroit Tigers,https://www.tcdb.com/Images/Large/Baseball/482758/482758-27980610Fr.jpg
"James Wood
RC",Topps 2025,181,Washington Nationals,https://www.tcdb.com/Images/Large/Baseball/482758/482758-27980611Fr.jpg
"James Wood
SP, VAR",Topps 2025,181,Washington Nationals,https://www.tcdb.com/Images/Large/Baseball/482758/482758-28477560Fr.jpg
Brandon Pfaadt,Topps 2025,182,Arizona Diamondbacks,https://www.tcdb.com/Images/Large/Baseball/482758/482758-27980612Fr.jpg
Taj Bradley,Topps 2025,183,Tampa Bay Rays,https://www.tcdb.com/Images/Large/Baseball/482758/482758-27980613Fr.jpg
"Bronx Bombers II: Yankees Trio Eyes History 
CL",Topps 2025,184,New York Yankees,https://www.tcdb.com/Images/Large/Baseball/482758/482758-27980614Fr.jpg
Jazz Chisholm Jr.,Topps 2025,185,New York Yankees,https://www.tcdb.com/Images/Large/Baseball/482758/482758-27980615Fr.jpg
Mike Yastrzemski,Topps 2025,186,San Francisco Giants,https://www.tcdb.com/Images/Large/Baseball/482758/482758-27980616Fr.jpg
Gerrit Cole,Topps 2025,187,New York Yankees,https://www.tcdb.com/Images/Large/Baseball/482758/482758-27980617Fr.jpg
Zach Eflin,Topps 2025,188,Baltimore Orioles,https://www.tcdb.com/Images/Large/Baseball/482758/482758-27980618Fr.jpg
Luis Robert Jr.,Topps 2025,189,Chicago White Sox,https://www.tcdb.com/Images/Large/Baseball/482758/482758-27980619Fr.jpg
Miguel Vargas,Topps 2025,190,Chicago White Sox,https://www.tcdb.com/Images/Large/Baseball/482758/482758-27980620Fr.jpg
"Adael Amador
RC",Topps 2025,191,Colorado Rockies,https://www.tcdb.com/Images/Large/Baseball/482758/482758-27980621Fr.jpg
"Tyler Locklear
RC",Topps 2025,192,Seattle Mariners,https://www.tcdb.com/Images/Large/Baseball/482758/482758-27980622Fr.jpg
"Michael McGreevy
RC",Topps 2025,193,St. Louis Cardinals,https://www.tcdb.com/Images/Large/Baseball/482758/482758-27980623Fr.jpg
Brayan Rocchio,Topps 2025,194,Cleveland Guardians,https://www.tcdb.com/Images/Large/Baseball/482758/482758-27980624Fr.jpg
Michael King,Topps 2025,195,San Diego Padres,https://www.tcdb.com/Images/Large/Baseball/482758/482758-27980625Fr.jpg
"Aaron Schunk
RC",Topps 2025,196,Colorado Rockies,https://www.tcdb.com/Images/Large/Baseball/482758/482758-27980626Fr.jpg
Jake Irvin,Topps 2025,197,Washington Nationals,https://www.tcdb.com/Images/Large/Baseball/482758/482758-27980627Fr.jpg
Pete Fairbanks,Topps 2025,198,Tampa Bay Rays,https://www.tcdb.com/Images/Large/Baseball/482758/482758-27980628Fr.jpg
David Hamilton,Topps 2025,199,Boston Red Sox,https://www.tcdb.com/Images/Large/Baseball/482758/482758-27980629Fr.jpg
Mike Trout,Topps 2025,200,Los Angeles Angels,https://www.tcdb.com/Images/Large/Baseball/482758/482758-27980630Fr.jpg
"Mike Trout
SP, VAR",Topps 2025,200,Los Angeles Angels,https://www.tcdb.com/Images/Large/Baseball/482758/482758-28477561Fr.jpg
Tyler Glasnow,Topps 2025,201,Los Angeles Dodgers,https://www.tcdb.com/Images/Large/Baseball/482758/482758-27980631Fr.jpg
"Kiké Hernández
SP, VAR",Topps 2025,201,Los Angeles Dodgers,https://www.tcdb.com/Images/Large/Baseball/482758/482758-28245376RepFr.jpg
Keibert Ruiz,Topps 2025,202,Washington Nationals,https://www.tcdb.com/Images/Large/Baseball/482758/482758-27980632RepFr.jpg
Lars Nootbaar,Topps 2025,203,St. Louis Cardinals,https://www.tcdb.com/Images/Large/Baseball/482758/482758-27980633Fr.jpg
Lars Nootbaar,Topps 2025,203,St. Louis Cardinals,https://www.tcdb.com/Images/Large/Baseball/482758/482758-27980633Fr.jpg
"Justin Wrobleski
RC",Topps 2025,204,Los Angeles Dodgers,https://www.tcdb.com/Images/Large/Baseball/482758/482758-27980634Fr.jpg
"Gavin Lux
SP, VAR",Topps 2025,204,Los Angeles Dodgers,https://www.tcdb.com/Images/Large/Baseball/482758/482758-28245377Fr.jpg
"Rhett Lowder
RC",Topps 2025,205,Cincinnati Reds,https://www.tcdb.com/Images/Large/Baseball/482758/482758-27980635Fr.jpg
Seth Lugo,Topps 2025,206,Kansas City Royals,https://www.tcdb.com/Images/Large/Baseball/482758/482758-27980636Fr.jpg
Ronald Acuña Jr.,Topps 2025,207,Atlanta Braves,https://www.tcdb.com/Images/Large/Baseball/482758/482758-27980637Fr.jpg
"Ronald Acuña Jr.
SP, VAR",Topps 2025,207,Atlanta Braves,https://www.tcdb.com/Images/Large/Baseball/482758/482758-28477562RepFr.jpg
Jacob deGrom,Topps 2025,208,Texas Rangers,https://www.tcdb.com/Images/Large/Baseball/482758/482758-27980638Fr.jpg
Taylor Ward,Topps 2025,209,Los Angeles Angels,https://www.tcdb.com/Images/Large/Baseball/482758/482758-27980639Fr.jpg
"Nolan Schanuel
FS",Topps 2025,210,Los Angeles Angels,https://www.tcdb.com/Images/Large/Baseball/482758/482758-27980640Fr.jpg
Jo Adell,Topps 2025,211,Los Angeles Angels,https://www.tcdb.com/Images/Large/Baseball/482758/482758-27980641Fr.jpg
Will Smith,Topps 2025,212,Los Angeles Dodgers,https://www.tcdb.com/Images/Large/Baseball/482758/482758-27980642Fr.jpg
"Will Smith
SP, VAR",Topps 2025,212,Los Angeles Dodgers,https://www.tcdb.com/Images/Large/Baseball/482758/482758-28245378Fr.jpg
"Grant McCray
RC",Topps 2025,213,San Francisco Giants,https://www.tcdb.com/Images/Large/Baseball/482758/482758-27980643Fr.jpg
Tommy Edman,Topps 2025,214,Los Angeles Dodgers,https://www.tcdb.com/Images/Large/Baseball/482758/482758-27980644Fr.jpg
"Tommy Edman
SP, VAR",Topps 2025,214,Los Angeles Dodgers,https://www.tcdb.com/Images/Large/Baseball/482758/482758-28245379Fr.jpg
Manny Machado,Topps 2025,215,San Diego Padres,https://www.tcdb.com/Images/Large/Baseball/482758/482758-27980645Fr.jpg
"Manny Machado
SP, VAR",Topps 2025,215,San Diego Padres,https://www.tcdb.com/Images/Large/Baseball/482758/482758-28477563Fr.jpg
Hunter Greene,Topps 2025,216,Cincinnati Reds,https://www.tcdb.com/Images/Large/Baseball/482758/482758-27980646Fr.jpg
"Rece Hinds
RC",Topps 2025,217,Cincinnati Reds,https://www.tcdb.com/Images/Large/Baseball/482758/482758-27980647Fr.jpg
Zack Wheeler,Topps 2025,218,Philadelphia Phillies,https://www.tcdb.com/Images/Large/Baseball/482758/482758-27980648Fr.jpg
LaMonte Wade Jr.,Topps 2025,219,San Francisco Giants,https://www.tcdb.com/Images/Large/Baseball/482758/482758-27980649Fr.jpg
"Jackson Holliday
FS",Topps 2025,220,Baltimore Orioles,https://www.tcdb.com/Images/Large/Baseball/482758/482758-27980650Fr.jpg
Matt Chapman,Topps 2025,221,San Francisco Giants,https://www.tcdb.com/Images/Large/Baseball/482758/482758-27980651Fr.jpg
Mauricio Dubón,Topps 2025,222,Houston Astros,https://www.tcdb.com/Images/Large/Baseball/482758/482758-27980652Fr.jpg
"Nacho Alvarez Jr.
RC",Topps 2025,223,Atlanta Braves,https://www.tcdb.com/Images/Large/Baseball/482758/482758-27980653Fr.jpg
Reese Olson,Topps 2025,224,Detroit Tigers,https://www.tcdb.com/Images/Large/Baseball/482758/482758-27980654Fr.jpg
Tyrone Taylor,Topps 2025,225,New York Mets,https://www.tcdb.com/Images/Large/Baseball/482758/482758-27980655Fr.jpg
"Adrian Del Castillo
RC",Topps 2025,226,Arizona Diamondbacks,https://www.tcdb.com/Images/Large/Baseball/482758/482758-27980656Fr.jpg
Ty France,Topps 2025,227,Cincinnati Reds,https://www.tcdb.com/Images/Large/Baseball/482758/482758-27980657Fr.jpg
Geraldo Perdomo,Topps 2025,228,Arizona Diamondbacks,https://www.tcdb.com/Images/Large/Baseball/482758/482758-27980658Fr.jpg
Erick Fedde,Topps 2025,229,St. Louis Cardinals,https://www.tcdb.com/Images/Large/Baseball/482758/482758-27980659Fr.jpg
"Colton Cowser
ASR",Topps 2025,230,Baltimore Orioles,https://www.tcdb.com/Images/Large/Baseball/482758/482758-27980660Fr.jpg
"Yoshinobu Yamamoto
FS",Topps 2025,231,Los Angeles Dodgers,https://www.tcdb.com/Images/Large/Baseball/482758/482758-27980661Fr.jpg
"Max Muncy
SP, VAR",Topps 2025,231,Los Angeles Dodgers,https://www.tcdb.com/Images/Large/Baseball/482758/482758-28245380Fr.jpg
"Yoshinobu Yamamoto
SP, VAR",Topps 2025,231,Los Angeles Dodgers,https://www.tcdb.com/Images/Large/Baseball/482758/482758-28477564Fr.jpg
Jake Cronenworth,Topps 2025,232,San Diego Padres,https://www.tcdb.com/Images/Large/Baseball/482758/482758-27980662Fr.jpg
Brandon Marsh,Topps 2025,233,Philadelphia Phillies,https://www.tcdb.com/Images/Large/Baseball/482758/482758-27980663Fr.jpg
"National League Leaders Wins (Chris Sale / Zack Wheeler / Shota Imanaga) 
LL",Topps 2025,234,Atlanta Braves / Philadelphia Phillies / Chicago Cubs,https://www.tcdb.com/Images/Large/Baseball/482758/482758-27980664Fr.jpg
Gabriel Moreno,Topps 2025,235,Arizona Diamondbacks,https://www.tcdb.com/Images/Large/Baseball/482758/482758-27980665Fr.jpg
Christopher Morel,Topps 2025,236,Tampa Bay Rays,https://www.tcdb.com/Images/Large/Baseball/482758/482758-27980666Fr.jpg
"Let’s Dance! All the Right Moves 
CL",Topps 2025,237,Atlanta Braves,https://www.tcdb.com/Images/Large/Baseball/482758/482758-27980667Fr.jpg
JJ Bleday,Topps 2025,238,Athletics,https://www.tcdb.com/Images/Large/Baseball/482758/482758-27980668Fr.jpg
Freddie Freeman,Topps 2025,239,Los Angeles Dodgers,https://www.tcdb.com/Images/Large/Baseball/482758/482758-27980669Fr.jpg
"Freddie Freeman
SP, VAR",Topps 2025,239,Los Angeles Dodgers,https://www.tcdb.com/Images/Large/Baseball/482758/482758-28245381Fr.jpg
Will Brennan,Topps 2025,240,Cleveland Guardians,https://www.tcdb.com/Images/Large/Baseball/482758/482758-27980670Fr.jpg
Ryan Helsley,Topps 2025,241,St. Louis Cardinals,https://www.tcdb.com/Images/Large/Baseball/482758/482758-27980671Fr.jpg
Logan Webb,Topps 2025,242,San Francisco Giants,https://www.tcdb.com/Images/Large/Baseball/482758/482758-27980672Fr.jpg
Jake McCarthy,Topps 2025,243,Arizona Diamondbacks,https://www.tcdb.com/Images/Large/Baseball/482758/482758-27980673Fr.jpg
Yordan Alvarez,Topps 2025,244,Houston Astros,https://www.tcdb.com/Images/Large/Baseball/482758/482758-27980674Fr.jpg
"Yordan Alvarez
SP, VAR",Topps 2025,244,Houston Astros,https://www.tcdb.com/Images/Large/Baseball/482758/482758-28477565Fr.jpg
Abraham Toro,Topps 2025,245,Athletics,https://www.tcdb.com/Images/Large/Baseball/482758/482758-27980675Fr.jpg
"Sean Reynolds
RC",Topps 2025,246,San Diego Padres,https://www.tcdb.com/Images/Large/Baseball/482758/482758-27980676Fr.jpg
Adolis García,Topps 2025,247,Texas Rangers,https://www.tcdb.com/Images/Large/Baseball/482758/482758-27980677Fr.jpg
